[
    {"name":"Home","link":"https://livingat300main.ca/"},
    {"name":"Lifestyle","link":"https://livingat300main.ca/category/lifestyle/","id":29},
    {"name":"Culture","link":"https://livingat300main.ca/category/culture/","id":32},
    {"name":"Art & Photography","link":"https://livingat300main.ca/category/art-photography/","id":27},
    {"name":"Environment","link":"https://livingat300main.ca/category/environment/","id":31},
    {"name":"Shopping","link":"https://livingat300main.ca/category/shopping/","id":21},
    {"name":"Events","link":"https://livingat300main.ca/events"}
]